mode,alpha,mu,a,gamma,m0,steps,final_M,final_Xi,regime,blowup_step,under_resolved
gamma_threshold_mode_b,1e-05,0.001,8,0.5,20,120,17.790697,0.0029126541,plateau,,True
gamma_threshold_mode_b,1e-05,0.0016681005,8,0.5,20,120,16.414677,0.00260764,plateau,,True
gamma_threshold_mode_b,1e-05,0.0027825594,8,0.5,20,120,14.351181,0.0021995703,plateau,,True
gamma_threshold_mode_b,1e-05,0.0046415888,8,0.5,20,120,11.467507,0.0017131236,plateau,,True
gamma_threshold_mode_b,1e-05,0.0077426368,8,0.5,20,120,7.8822486,0.0012155187,plateau,,True
gamma_threshold_mode_b,1e-05,0.012915497,8,0.5,20,120,4.207752,0.00079076149,plateau,,True
gamma_threshold_mode_b,1e-05,0.021544347,8,0.5,20,120,1.4665394,0.00048757326,plateau,,True
gamma_threshold_mode_b,1e-05,0.035938137,8,0.5,20,120,0.24763614,0.00029686154,plateau,,True
gamma_threshold_mode_b,1e-05,0.059948425,8,0.5,20,120,0.012004422,0.00018223445,plateau,,True
gamma_threshold_mode_b,1e-05,0.1,8,0.5,20,120,6.4593302e-05,0.00011365125,plateau,,True
gamma_threshold_mode_b,2.1544347e-05,0.001,8,0.5,20,120,17.853001,0.0063128611,plateau,,True
gamma_threshold_mode_b,2.1544347e-05,0.0016681005,8,0.5,20,120,16.467889,0.0056482551,plateau,,True
gamma_threshold_mode_b,2.1544347e-05,0.0027825594,8,0.5,20,120,14.392463,0.0047603899,plateau,,True
gamma_threshold_mode_b,2.1544347e-05,0.0046415888,8,0.5,20,120,11.495116,0.0037039194,plateau,,True
gamma_threshold_mode_b,2.1544347e-05,0.0077426368,8,0.5,20,120,7.8969934,0.0026253737,plateau,,True
gamma_threshold_mode_b,2.1544347e-05,0.012915497,8,0.5,20,120,4.2133632,0.001706449,plateau,,True
gamma_threshold_mode_b,2.1544347e-05,0.021544347,8,0.5,20,120,1.4678134,0.0010515064,plateau,,True
gamma_threshold_mode_b,2.1544347e-05,0.035938137,8,0.5,20,120,0.2477651,0.00063995688,plateau,,True
gamma_threshold_mode_b,2.1544347e-05,0.059948425,8,0.5,20,120,0.01200792,0.00039275461,plateau,,True
gamma_threshold_mode_b,2.1544347e-05,0.1,8,0.5,20,120,6.4602984e-05,0.00024490698,plateau,,True
gamma_threshold_mode_b,4.6415888e-05,0.001,8,0.5,20,120,17.9899,0.013779998,plateau,,True
gamma_threshold_mode_b,4.6415888e-05,0.0016681005,8,0.5,20,120,16.584595,0.012312273,plateau,,True
gamma_threshold_mode_b,4.6415888e-05,0.0027825594,8,0.5,20,120,14.48278,0.010357816,plateau,,True
gamma_threshold_mode_b,4.6415888e-05,0.0046415888,8,0.5,20,120,11.555339,0.0080415363,plateau,,True
gamma_threshold_mode_b,4.6415888e-05,0.0077426368,8,0.5,20,120,7.9290546,0.0056872181,plateau,,True
gamma_threshold_mode_b,4.6415888e-05,0.012915497,8,0.5,20,120,4.2255291,0.0036895364,plateau,,True
gamma_threshold_mode_b,4.6415888e-05,0.021544347,8,0.5,20,120,1.4705694,0.0022703488,plateau,,True
gamma_threshold_mode_b,4.6415888e-05,0.035938137,8,0.5,20,120,0.24804363,0.0013805509,plateau,,True
gamma_threshold_mode_b,4.6415888e-05,0.059948425,8,0.5,20,120,0.012015467,0.00084682596,plateau,,True
gamma_threshold_mode_b,4.6415888e-05,0.1,8,0.5,20,120,6.4623865e-05,0.00052788126,plateau,,True
gamma_threshold_mode_b,0.0001,0.001,8,0.5,20,120,18.298006,0.030565297,plateau,,True
gamma_threshold_mode_b,0.0001,0.0016681005,8,0.5,20,120,16.846154,0.027223755,plateau,,True
gamma_threshold_mode_b,0.0001,0.0027825594,8,0.5,20,120,14.684065,0.022806942,plateau,,True
gamma_threshold_mode_b,0.0001,0.0046415888,8,0.5,20,120,11.688656,0.017620096,plateau,,True
gamma_threshold_mode_b,0.0001,0.0077426368,8,0.5,20,120,7.9995312,0.012399851,plateau,,True
gamma_threshold_mode_b,0.0001,0.012915497,8,0.5,20,120,4.2521041,0.0080105365,plateau,,True
gamma_threshold_mode_b,0.0001,0.021544347,8,0.5,20,120,1.47656,0.0049144761,plateau,,True
gamma_threshold_mode_b,0.0001,0.035938137,8,0.5,20,120,0.24864703,0.0029827301,plateau,,True
gamma_threshold_mode_b,0.0001,0.059948425,8,0.5,20,120,0.012031781,0.0018275125,plateau,,True
gamma_threshold_mode_b,0.0001,0.1,8,0.5,20,120,6.4668949e-05,0.0011384257,plateau,,True
gamma_threshold_mode_b,0.00021544347,0.001,8,0.5,20,120,19.032023,0.070442644,plateau,,True
gamma_threshold_mode_b,0.00021544347,0.0016681005,8,0.5,20,120,17.462855,0.062254177,plateau,,True
gamma_threshold_mode_b,0.00021544347,0.0027825594,8,0.5,20,120,15.152247,0.051629417,plateau,,True
gamma_threshold_mode_b,0.00021544347,0.0046415888,8,0.5,20,120,11.993851,0.039427286,plateau,,True
gamma_threshold_mode_b,0.00021544347,0.0077426368,8,0.5,20,120,8.1582746,0.027430619,plateau,,True
gamma_threshold_mode_b,0.00021544347,0.012915497,8,0.5,20,120,4.3111158,0.017553268,plateau,,True
gamma_threshold_mode_b,0.00021544347,0.021544347,8,0.5,20,120,1.489719,0.010697411,plateau,,True
gamma_threshold_mode_b,0.00021544347,0.035938137,8,0.5,20,120,0.24996269,0.0064656291,plateau,,True
gamma_threshold_mode_b,0.00021544347,0.059948425,8,0.5,20,120,0.01206719,0.0039516525,plateau,,True
gamma_threshold_mode_b,0.00021544347,0.1,8,0.5,20,120,6.4766541e-05,0.0024579763,plateau,,True
gamma_threshold_mode_b,0.00046415888,0.001,8,0.5,20,120,21.075378,0.18067129,exponential,,False
gamma_threshold_mode_b,0.00046415888,0.0016681005,8,0.5,20,120,19.126365,0.15589405,plateau,,True
gamma_threshold_mode_b,0.00046415888,0.0027825594,8,0.5,20,120,16.366757,0.12556102,plateau,,True
gamma_threshold_mode_b,0.00046415888,0.0046415888,8,0.5,20,120,12.752316,0.092920119,plateau,,True
gamma_threshold_mode_b,0.00046415888,0.0077426368,8,0.5,20,120,8.5369278,0.062800015,plateau,,True
gamma_threshold_mode_b,0.00046415888,0.012915497,8,0.5,20,120,4.4471605,0.039283328,plateau,,True
gamma_threshold_mode_b,0.00046415888,0.021544347,8,0.5,20,120,1.5193064,0.023576195,plateau,,True
gamma_threshold_mode_b,0.00046415888,0.035938137,8,0.5,20,120,0.25287234,0.014117735,plateau,,True
gamma_threshold_mode_b,0.00046415888,0.059948425,8,0.5,20,120,0.012144711,0.0085813606,plateau,,True
gamma_threshold_mode_b,0.00046415888,0.1,8,0.5,20,120,6.4978955e-05,0.005320419,plateau,,True
gamma_threshold_mode_b,0.001,0.001,8,0.5,20,300,1e+09,1e+09,explosive,137,False
gamma_threshold_mode_b,0.001,0.0016681005,8,0.5,20,300,1e+09,1e+09,explosive,162,False
gamma_threshold_mode_b,0.001,0.0027825594,8,0.5,20,300,1e+09,1e+09,explosive,260,False
gamma_threshold_mode_b,0.001,0.0046415888,8,0.5,20,300,8.1566715,0.41290215,plateau,,True
gamma_threshold_mode_b,0.001,0.0077426368,8,0.5,20,300,2.5256288,0.19156647,plateau,,True
gamma_threshold_mode_b,0.001,0.012915497,8,0.5,20,120,4.7910212,0.092613065,plateau,,True
gamma_threshold_mode_b,0.001,0.021544347,8,0.5,20,120,1.5895486,0.053487149,plateau,,True
gamma_threshold_mode_b,0.001,0.035938137,8,0.5,20,120,0.2595163,0.031335961,plateau,,True
gamma_threshold_mode_b,0.001,0.059948425,8,0.5,20,120,0.012317706,0.018812608,plateau,,True
gamma_threshold_mode_b,0.001,0.1,8,0.5,20,120,6.5446877e-05,0.011580091,plateau,,True
gamma_threshold_mode_b,0.0021544347,0.001,8,0.5,20,300,1e+09,1e+09,explosive,60,False
gamma_threshold_mode_b,0.0021544347,0.0016681005,8,0.5,20,300,1e+09,1e+09,explosive,63,False
gamma_threshold_mode_b,0.0021544347,0.0027825594,8,0.5,20,300,1e+09,1e+09,explosive,71,False
gamma_threshold_mode_b,0.0021544347,0.0046415888,8,0.5,20,300,1e+09,1e+09,explosive,91,False
gamma_threshold_mode_b,0.0021544347,0.0077426368,8,0.5,20,300,6.3335932,0.97193204,plateau,,True
gamma_threshold_mode_b,0.0021544347,0.012915497,8,0.5,20,120,5.9412649,0.25657954,plateau,,True
gamma_threshold_mode_b,0.0021544347,0.021544347,8,0.5,20,120,1.7815559,0.13086791,plateau,,True
gamma_threshold_mode_b,0.0021544347,0.035938137,8,0.5,20,120,0.27589156,0.072340103,plateau,,True
gamma_threshold_mode_b,0.0021544347,0.059948425,8,0.5,20,120,0.012721003,0.042146584,plateau,,True
gamma_threshold_mode_b,0.0021544347,0.1,8,0.5,20,120,6.6505553e-05,0.025517147,plateau,,True
gamma_threshold_mode_b,0.0046415888,0.001,8,0.5,20,300,1e+09,1e+09,explosive,29,False
gamma_threshold_mode_b,0.0046415888,0.0016681005,8,0.5,20,300,1e+09,1e+09,explosive,30,False
gamma_threshold_mode_b,0.0046415888,0.0027825594,8,0.5,20,300,1e+09,1e+09,explosive,31,False
gamma_threshold_mode_b,0.0046415888,0.0046415888,8,0.5,20,300,1e+09,1e+09,explosive,33,False
gamma_threshold_mode_b,0.0046415888,0.0077426368,8,0.5,20,300,1e+09,1e+09,explosive,39,False
gamma_threshold_mode_b,0.0046415888,0.012915497,8,0.5,20,120,1e+09,1e+09,explosive,61,False
gamma_threshold_mode_b,0.0046415888,0.021544347,8,0.5,20,120,2.6753698,0.42751503,plateau,,True
gamma_threshold_mode_b,0.0046415888,0.035938137,8,0.5,20,120,0.32585135,0.18647578,plateau,,True
gamma_threshold_mode_b,0.0046415888,0.059948425,8,0.5,20,120,0.013768279,0.099645587,plateau,,True
gamma_threshold_mode_b,0.0046415888,0.1,8,0.5,20,120,6.9053532e-05,0.057869815,plateau,,True
gamma_threshold_mode_b,0.01,0.001,8,0.5,20,300,1e+09,1e+09,explosive,15,False
gamma_threshold_mode_b,0.01,0.0016681005,8,0.5,20,300,1e+09,1e+09,explosive,16,False
gamma_threshold_mode_b,0.01,0.0027825594,8,0.5,20,300,1e+09,1e+09,explosive,16,False
gamma_threshold_mode_b,0.01,0.0046415888,8,0.5,20,300,1e+09,1e+09,explosive,16,False
gamma_threshold_mode_b,0.01,0.0077426368,8,0.5,20,300,1e+09,1e+09,explosive,17,False
gamma_threshold_mode_b,0.01,0.012915497,8,0.5,20,120,1e+09,1e+09,explosive,19,False
gamma_threshold_mode_b,0.01,0.021544347,8,0.5,20,120,1e+09,1e+09,explosive,23,False
gamma_threshold_mode_b,0.01,0.035938137,8,0.5,20,120,0.93129562,0.96635859,plateau,,True
gamma_threshold_mode_b,0.01,0.059948425,8,0.5,20,120,0.017573498,0.27909785,plateau,,True
gamma_threshold_mode_b,0.01,0.1,8,0.5,20,120,7.624011e-05,0.14149133,plateau,,True
gamma_threshold_mode_b,1e-05,0.001,8,1,20,120,17.790736,0.0029147262,plateau,,True
gamma_threshold_mode_b,1e-05,0.0016681005,8,1,20,120,16.414707,0.0026092985,plateau,,True
gamma_threshold_mode_b,1e-05,0.0027825594,8,1,20,120,14.351201,0.0022007474,plateau,,True
gamma_threshold_mode_b,1e-05,0.0046415888,8,1,20,120,11.467517,0.0017138346,plateau,,True
gamma_threshold_mode_b,1e-05,0.0077426368,8,1,20,120,7.8822528,0.0012158741,plateau,,True
gamma_threshold_mode_b,1e-05,0.012915497,8,1,20,120,4.2077531,0.00079091018,plateau,,True
gamma_threshold_mode_b,1e-05,0.021544347,8,1,20,120,1.4665396,0.0004876288,plateau,,True
gamma_threshold_mode_b,1e-05,0.035938137,8,1,20,120,0.24763615,0.0002968816,plateau,,True
gamma_threshold_mode_b,1e-05,0.059948425,8,1,20,120,0.012004423,0.00018224172,plateau,,True
gamma_threshold_mode_b,1e-05,0.1,8,1,20,120,6.4593302e-05,0.00011365389,plateau,,True
gamma_threshold_mode_b,2.1544347e-05,0.001,8,1,20,120,17.853185,0.0063226297,plateau,,True
gamma_threshold_mode_b,2.1544347e-05,0.0016681005,8,1,20,120,16.468031,0.0056560611,plateau,,True
gamma_threshold_mode_b,2.1544347e-05,0.0027825594,8,1,20,120,14.392557,0.0047659184,plateau,,True
gamma_threshold_mode_b,2.1544347e-05,0.0046415888,8,1,20,120,11.495167,0.0037072505,plateau,,True
gamma_threshold_mode_b,2.1544347e-05,0.0077426368,8,1,20,120,7.8970134,0.0026270344,plateau,,True
gamma_threshold_mode_b,2.1544347e-05,0.012915497,8,1,20,120,4.2133683,0.0017071422,plateau,,True
gamma_threshold_mode_b,2.1544347e-05,0.021544347,8,1,20,120,1.4678141,0.0010517649,plateau,,True
gamma_threshold_mode_b,2.1544347e-05,0.035938137,8,1,20,120,0.24776514,0.00064005017,plateau,,True
gamma_threshold_mode_b,2.1544347e-05,0.059948425,8,1,20,120,0.01200792,0.00039278836,plateau,,True
gamma_threshold_mode_b,2.1544347e-05,0.1,8,1,20,120,6.4602985e-05,0.00024491923,plateau,,True
gamma_threshold_mode_b,4.6415888e-05,0.001,8,1,20,120,17.990784,0.013826907,plateau,,True
gamma_threshold_mode_b,4.6415888e-05,0.0016681005,8,1,20,120,16.585277,0.012349626,plateau,,True
gamma_threshold_mode_b,4.6415888e-05,0.0027825594,8,1,20,120,14.483232,0.010384147,plateau,,True
gamma_threshold_mode_b,4.6415888e-05,0.0046415888,8,1,20,120,11.55558,0.0080573128,plateau,,True
gamma_threshold_mode_b,4.6415888e-05,0.0077426368,8,1,20,120,7.9291488,0.0056950385,plateau,,True
gamma_threshold_mode_b,4.6415888e-05,0.012915497,8,1,20,120,4.2255532,0.0036927843,plateau,,True
gamma_threshold_mode_b,4.6415888e-05,0.021544347,8,1,20,120,1.4705728,0.0022715556,plateau,,True
gamma_threshold_mode_b,4.6415888e-05,0.035938137,8,1,20,120,0.24804383,0.0013809854,plateau,,True
gamma_threshold_mode_b,4.6415888e-05,0.059948425,8,1,20,120,0.01201547,0.00084698296,plateau,,True
gamma_threshold_mode_b,4.6415888e-05,0.1,8,1,20,120,6.4623869e-05,0.00052793817,plateau,,True
gamma_threshold_mode_b,0.0001,0.001,8,1,20,120,18.302441,0.030800207,plateau,,True
gamma_threshold_mode_b,0.0001,0.0016681005,8,1,20,120,16.849545,0.027409295,plateau,,True
gamma_threshold_mode_b,0.0001,0.0027825594,8,1,20,120,14.686292,0.022936334,plateau,,True
gamma_threshold_mode_b,0.0001,0.0046415888,8,1,20,120,11.689827,0.017696646,plateau,,True
gamma_threshold_mode_b,0.0001,0.0077426368,8,1,20,120,7.9999834,0.012437311,plateau,,True
gamma_threshold_mode_b,0.0001,0.012915497,8,1,20,120,4.2522185,0.0080259236,plateau,,True
gamma_threshold_mode_b,0.0001,0.021544347,8,1,20,120,1.4765761,0.0049201481,plateau,,True
gamma_threshold_mode_b,0.0001,0.035938137,8,1,20,120,0.24864798,0.0029847623,plateau,,True
gamma_threshold_mode_b,0.0001,0.059948425,8,1,20,120,0.012031795,0.0018282445,plateau,,True
gamma_threshold_mode_b,0.0001,0.1,8,1,20,120,6.4668966e-05,0.0011386906,plateau,,True
gamma_threshold_mode_b,0.00021544347,0.001,8,1,20,120,19.056681,0.071745452,plateau,,True
gamma_threshold_mode_b,0.00021544347,0.0016681005,8,1,20,120,17.481342,0.063262163,plateau,,True
gamma_threshold_mode_b,0.00021544347,0.0027825594,8,1,20,120,15.164077,0.05231388,plateau,,True
gamma_threshold_mode_b,0.00021544347,0.0046415888,8,1,20,120,11.999893,0.039820044,plateau,,True
gamma_threshold_mode_b,0.00021544347,0.0077426368,8,1,20,120,8.1605402,0.027617121,plateau,,True
gamma_threshold_mode_b,0.00021544347,0.012915497,8,1,20,120,4.3116752,0.017627979,plateau,,True
gamma_threshold_mode_b,0.00021544347,0.021544347,8,1,20,120,1.4897961,0.010724468,plateau,,True
gamma_threshold_mode_b,0.00021544347,0.035938137,8,1,20,120,0.24996719,0.0064752166,plateau,,True
gamma_threshold_mode_b,0.00021544347,0.059948425,8,1,20,120,0.012067256,0.0039550835,plateau,,True
gamma_threshold_mode_b,0.00021544347,0.1,8,1,20,120,6.476662e-05,0.0024592129,plateau,,True
gamma_threshold_mode_b,0.00046415888,0.001,8,1,20,120,21.261275,0.19042545,exponential,,False
gamma_threshold_mode_b,0.00046415888,0.0016681005,8,1,20,120,19.256811,0.1629431,plateau,,True
gamma_threshold_mode_b,0.00046415888,0.0027825594,8,1,20,120,16.443847,0.12997105,plateau,,True
gamma_threshold_mode_b,0.00046415888,0.0046415888,8,1,20,120,12.788509,0.095241179,plateau,,True
gamma_threshold_mode_b,0.00046415888,0.0077426368,8,1,20,120,8.5494895,0.063818878,plateau,,True
gamma_threshold_mode_b,0.00046415888,0.012915497,8,1,20,120,4.4500759,0.039667257,plateau,,True
gamma_threshold_mode_b,0.00046415888,0.021544347,8,1,20,120,1.5196915,0.023709633,plateau,,True
gamma_threshold_mode_b,0.00046415888,0.035938137,8,1,20,120,0.25289417,0.014163854,plateau,,True
gamma_threshold_mode_b,0.00046415888,0.059948425,8,1,20,120,0.012145024,0.0085976265,plateau,,True
gamma_threshold_mode_b,0.00046415888,0.1,8,1,20,120,6.4979332e-05,0.0053262316,plateau,,True
gamma_threshold_mode_b,0.001,0.001,8,1,20,300,1e+09,1e+09,explosive,120,False
gamma_threshold_mode_b,0.001,0.0016681005,8,1,20,300,1e+09,1e+09,explosive,138,False
gamma_threshold_mode_b,0.001,0.0027825594,8,1,20,300,1e+09,1e+09,explosive,195,False
gamma_threshold_mode_b,0.001,0.0046415888,8,1,20,300,8.8838997,0.48260811,plateau,,True
gamma_threshold_mode_b,0.001,0.0077426368,8,1,20,300,2.5683458,0.20200956,plateau,,True
gamma_threshold_mode_b,0.001,0.012915497,8,1,20,120,4.8089357,0.094890898,plateau,,True
gamma_threshold_mode_b,0.001,0.021544347,8,1,20,120,1.5916604,0.054199105,plateau,,True
gamma_threshold_mode_b,0.001,0.035938137,8,1,20,120,0.25962819,0.031567829,plateau,,True
gamma_threshold_mode_b,0.001,0.059948425,8,1,20,120,0.012319252,0.018891708,plateau,,True
gamma_threshold_mode_b,0.001,0.1,8,1,20,120,6.5448706e-05,0.011607825,plateau,,True
gamma_threshold_mode_b,0.0021544347,0.001,8,1,20,300,1e+09,1e+09,explosive,54,False
gamma_threshold_mode_b,0.0021544347,0.0016681005,8,1,20,300,1e+09,1e+09,explosive,56,False
gamma_threshold_mode_b,0.0021544347,0.0027825594,8,1,20,300,1e+09,1e+09,explosive,62,False
gamma_threshold_mode_b,0.0021544347,0.0046415888,8,1,20,300,1e+09,1e+09,explosive,76,False
gamma_threshold_mode_b,0.0021544347,0.0077426368,8,1,20,300,1e+09,1e+09,explosive,169,False
gamma_threshold_mode_b,0.0021544347,0.012915497,8,1,20,120,6.1337416,0.27849308,plateau,,True
gamma_threshold_mode_b,0.0021544347,0.021544347,8,1,20,120,1.7965358,0.13556811,plateau,,True
gamma_threshold_mode_b,0.0021544347,0.035938137,8,1,20,120,0.27654769,0.073638418,plateau,,True
gamma_threshold_mode_b,0.0021544347,0.059948425,8,1,20,120,0.012729251,0.042554541,plateau,,True
gamma_threshold_mode_b,0.0021544347,0.1,8,1,20,120,6.6514918e-05,0.025653974,plateau,,True
gamma_threshold_mode_b,0.0046415888,0.001,8,1,20,300,1e+09,1e+09,explosive,26,False
gamma_threshold_mode_b,0.0046415888,0.0016681005,8,1,20,300,1e+09,1e+09,explosive,27,False
gamma_threshold_mode_b,0.0046415888,0.0027825594,8,1,20,300,1e+09,1e+09,explosive,28,False
gamma_threshold_mode_b,0.0046415888,0.0046415888,8,1,20,300,1e+09,1e+09,explosive,30,False
gamma_threshold_mode_b,0.0046415888,0.0077426368,8,1,20,300,1e+09,1e+09,explosive,34,False
gamma_threshold_mode_b,0.0046415888,0.012915497,8,1,20,120,1e+09,1e+09,explosive,47,False
gamma_threshold_mode_b,0.0046415888,0.021544347,8,1,20,120,3.0272672,0.50865227,plateau,,True
gamma_threshold_mode_b,0.0046415888,0.035938137,8,1,20,120,0.33161756,0.19648176,plateau,,True
gamma_threshold_mode_b,0.0046415888,0.059948425,8,1,20,120,0.013821827,0.10208936,plateau,,True
gamma_threshold_mode_b,0.0046415888,0.1,8,1,20,120,6.9107754e-05,0.058600489,plateau,,True
gamma_threshold_mode_b,0.01,0.001,8,1,20,300,1e+09,1e+09,explosive,14,False
gamma_threshold_mode_b,0.01,0.0016681005,8,1,20,300,1e+09,1e+09,explosive,14,False
gamma_threshold_mode_b,0.01,0.0027825594,8,1,20,300,1e+09,1e+09,explosive,15,False
gamma_threshold_mode_b,0.01,0.0046415888,8,1,20,300,1e+09,1e+09,explosive,15,False
gamma_threshold_mode_b,0.01,0.0077426368,8,1,20,300,1e+09,1e+09,explosive,16,False
gamma_threshold_mode_b,0.01,0.012915497,8,1,20,120,1e+09,1e+09,explosive,17,False
gamma_threshold_mode_b,0.01,0.021544347,8,1,20,120,1e+09,1e+09,explosive,20,False
gamma_threshold_mode_b,0.01,0.035938137,8,1,20,120,1e+09,1e+09,explosive,42,False
gamma_threshold_mode_b,0.01,0.059948425,8,1,20,120,0.01826003,0.30355176,plateau,,True
gamma_threshold_mode_b,0.01,0.1,8,1,20,120,7.6671309e-05,0.14632386,plateau,,True
gamma_threshold_mode_b,1e-05,0.001,8,2,20,120,17.790814,0.0029188764,plateau,,True
gamma_threshold_mode_b,1e-05,0.0016681005,8,2,20,120,16.414768,0.0026126196,plateau,,True
gamma_threshold_mode_b,1e-05,0.0027825594,8,2,20,120,14.351241,0.0022031041,plateau,,True
gamma_threshold_mode_b,1e-05,0.0046415888,8,2,20,120,11.467539,0.0017152579,plateau,,True
gamma_threshold_mode_b,1e-05,0.0077426368,8,2,20,120,7.8822614,0.0012165854,plateau,,True
gamma_threshold_mode_b,1e-05,0.012915497,8,2,20,120,4.2077553,0.00079120768,plateau,,True
gamma_threshold_mode_b,1e-05,0.021544347,8,2,20,120,1.4665399,0.00048773991,plateau,,True
gamma_threshold_mode_b,1e-05,0.035938137,8,2,20,120,0.24763617,0.00029692174,plateau,,True
gamma_threshold_mode_b,1e-05,0.059948425,8,2,20,120,0.012004423,0.00018225625,plateau,,True
gamma_threshold_mode_b,1e-05,0.1,8,2,20,120,6.4593303e-05,0.00011365916,plateau,,True
gamma_threshold_mode_b,2.1544347e-05,0.001,8,2,20,120,17.853554,0.0063422272,plateau,,True
gamma_threshold_mode_b,2.1544347e-05,0.0016681005,8,2,20,120,16.468317,0.0056717161,plateau,,True
gamma_threshold_mode_b,2.1544347e-05,0.0027825594,8,2,20,120,14.392748,0.0047770012,plateau,,True
gamma_threshold_mode_b,2.1544347e-05,0.0046415888,8,2,20,120,11.495268,0.0037139246,plateau,,True
gamma_threshold_mode_b,2.1544347e-05,0.0077426368,8,2,20,120,7.8970534,0.0026303601,plateau,,True
gamma_threshold_mode_b,2.1544347e-05,0.012915497,8,2,20,120,4.2133786,0.0017085297,plateau,,True
gamma_threshold_mode_b,2.1544347e-05,0.021544347,8,2,20,120,1.4678156,0.0010522821,plateau,,True
gamma_threshold_mode_b,2.1544347e-05,0.035938137,8,2,20,120,0.24776523,0.00064023681,plateau,,True
gamma_threshold_mode_b,2.1544347e-05,0.059948425,8,2,20,120,0.012007922,0.00039285588,plateau,,True
gamma_threshold_mode_b,2.1544347e-05,0.1,8,2,20,120,6.4602987e-05,0.00024494372,plateau,,True
gamma_threshold_mode_b,4.6415888e-05,0.001,8,2,20,120,17.992566,0.013921373,plateau,,True
gamma_threshold_mode_b,4.6415888e-05,0.0016681005,8,2,20,120,16.586649,0.012424791,plateau,,True
gamma_threshold_mode_b,4.6415888e-05,0.0027825594,8,2,20,120,14.484142,0.010437079,plateau,,True
gamma_threshold_mode_b,4.6415888e-05,0.0046415888,8,2,20,120,11.556064,0.00808899,plateau,,True
gamma_threshold_mode_b,4.6415888e-05,0.0077426368,8,2,20,120,7.9293376,0.0057107221,plateau,,True
gamma_threshold_mode_b,4.6415888e-05,0.012915497,8,2,20,120,4.2256015,0.0036992913,plateau,,True
gamma_threshold_mode_b,4.6415888e-05,0.021544347,8,2,20,120,1.4705796,0.0022739716,plateau,,True
gamma_threshold_mode_b,4.6415888e-05,0.035938137,8,2,20,120,0.24804424,0.001381855,plateau,,True
gamma_threshold_mode_b,4.6415888e-05,0.059948425,8,2,20,120,0.012015476,0.00084729708,plateau,,True
gamma_threshold_mode_b,4.6415888e-05,0.1,8,2,20,120,6.4623876e-05,0.00052805201,plateau,,True
gamma_threshold_mode_b,0.0001,0.001,8,2,20,120,18.311455,0.031277597,plateau,,True
gamma_threshold_mode_b,0.0001,0.0016681005,8,2,20,120,16.856426,0.027785645,plateau,,True
gamma_threshold_mode_b,0.0001,0.0027825594,8,2,20,120,14.690798,0.023198154,plateau,,True
gamma_threshold_mode_b,0.0001,0.0046415888,8,2,20,120,11.692191,0.017851106,plateau,,True
gamma_threshold_mode_b,0.0001,0.0077426368,8,2,20,120,8.0008938,0.012512689,plateau,,True
gamma_threshold_mode_b,0.0001,0.012915497,8,2,20,120,4.2524485,0.0080568154,plateau,,True
gamma_threshold_mode_b,0.0001,0.021544347,8,2,20,120,1.4766084,0.0049315177,plateau,,True
gamma_threshold_mode_b,0.0001,0.035938137,8,2,20,120,0.24864989,0.0029888319,plateau,,True
gamma_threshold_mode_b,0.0001,0.059948425,8,2,20,120,0.012031823,0.0018297096,plateau,,True
gamma_threshold_mode_b,0.0001,0.1,8,2,20,120,6.4669e-05,0.0011392205,plateau,,True
gamma_threshold_mode_b,0.00021544347,0.001,8,2,20,120,19.108096,0.074460205,plateau,,True
gamma_threshold_mode_b,0.00021544347,0.0016681005,8,2,20,120,17.519683,0.065350994,plateau,,True
gamma_threshold_mode_b,0.00021544347,0.0027825594,8,2,20,120,15.188448,0.053722542,plateau,,True
gamma_threshold_mode_b,0.00021544347,0.0046415888,8,2,20,120,12.012249,0.040622306,plateau,,True
gamma_threshold_mode_b,0.00021544347,0.0077426368,8,2,20,120,8.1651417,0.027995419,plateau,,True
gamma_threshold_mode_b,0.00021544347,0.012915497,8,2,20,120,4.3128048,0.017778696,plateau,,True
gamma_threshold_mode_b,0.00021544347,0.021544347,8,2,20,120,1.4899514,0.010778854,plateau,,True
gamma_threshold_mode_b,0.00021544347,0.035938137,8,2,20,120,0.24997622,0.0064944464,plateau,,True
gamma_threshold_mode_b,0.00021544347,0.059948425,8,2,20,120,0.012067388,0.0039619565,plateau,,True
gamma_threshold_mode_b,0.00021544347,0.1,8,2,20,120,6.476678e-05,0.0024616882,plateau,,True
gamma_threshold_mode_b,0.00046415888,0.001,8,2,20,120,21.690838,0.21291544,exponential,,False
gamma_threshold_mode_b,0.00046415888,0.0016681005,8,2,20,120,19.550273,0.17875845,plateau,,True
gamma_threshold_mode_b,0.00046415888,0.0027825594,8,2,20,120,16.61232,0.13957815,plateau,,True
gamma_threshold_mode_b,0.00046415888,0.0046415888,8,2,20,120,12.865482,0.10016017,plateau,,True
gamma_threshold_mode_b,0.00046415888,0.0077426368,8,2,20,120,8.5756196,0.065931012,plateau,,True
gamma_threshold_mode_b,0.00046415888,0.012915497,8,2,20,120,4.4560458,0.040451153,plateau,,True
gamma_threshold_mode_b,0.00046415888,0.021544347,8,2,20,120,1.5204722,0.023979597,plateau,,True
gamma_threshold_mode_b,0.00046415888,0.035938137,8,2,20,120,0.25293815,0.014256685,plateau,,True
gamma_threshold_mode_b,0.00046415888,0.059948425,8,2,20,120,0.012145654,0.0086302732,plateau,,True
gamma_threshold_mode_b,0.00046415888,0.1,8,2,20,120,6.4980087e-05,0.0053378787,plateau,,True
gamma_threshold_mode_b,0.001,0.001,8,2,20,300,1e+09,1e+09,explosive,100,False
gamma_threshold_mode_b,0.001,0.0016681005,8,2,20,300,1e+09,1e+09,explosive,111,False
gamma_threshold_mode_b,0.001,0.0027825594,8,2,20,300,1e+09,1e+09,explosive,142,False
gamma_threshold_mode_b,0.001,0.0046415888,8,2,20,300,12.609698,0.79005342,plateau,,True
gamma_threshold_mode_b,0.001,0.0077426368,8,2,20,300,2.6711543,0.22628264,plateau,,True
gamma_threshold_mode_b,0.001,0.012915497,8,2,20,120,4.8472169,0.099715726,plateau,,True
gamma_threshold_mode_b,0.001,0.021544347,8,2,20,120,1.5960306,0.055664497,plateau,,True
gamma_threshold_mode_b,0.001,0.035938137,8,2,20,120,0.25985595,0.032038574,plateau,,True
gamma_threshold_mode_b,0.001,0.059948425,8,2,20,120,0.012322373,0.019051182,plateau,,True
gamma_threshold_mode_b,0.001,0.1,8,2,20,120,6.5452375e-05,0.011663524,plateau,,True
gamma_threshold_mode_b,0.0021544347,0.001,8,2,20,300,1e+09,1e+09,explosive,46,False
gamma_threshold_mode_b,0.0021544347,0.0016681005,8,2,20,300,1e+09,1e+09,explosive,48,False
gamma_threshold_mode_b,0.0021544347,0.0027825594,8,2,20,300,1e+09,1e+09,explosive,51,False
gamma_threshold_mode_b,0.0021544347,0.0046415888,8,2,20,300,1e+09,1e+09,explosive,60,False
gamma_threshold_mode_b,0.0021544347,0.0077426368,8,2,20,300,1e+09,1e+09,explosive,90,False
gamma_threshold_mode_b,0.0021544347,0.012915497,8,2,20,120,6.6622184,0.33578394,plateau,,True
gamma_threshold_mode_b,0.0021544347,0.021544347,8,2,20,120,1.8299577,0.1458477,plateau,,True
gamma_threshold_mode_b,0.0021544347,0.035938137,8,2,20,120,0.27792426,0.076339633,plateau,,True
gamma_threshold_mode_b,0.0021544347,0.059948425,8,2,20,120,0.012746113,0.043386448,plateau,,True
gamma_threshold_mode_b,0.0021544347,0.1,8,2,20,120,6.6533788e-05,0.025930305,plateau,,True
gamma_threshold_mode_b,0.0046415888,0.001,8,2,20,300,1e+09,1e+09,explosive,23,False
gamma_threshold_mode_b,0.0046415888,0.0016681005,8,2,20,300,1e+09,1e+09,explosive,23,False
gamma_threshold_mode_b,0.0046415888,0.0027825594,8,2,20,300,1e+09,1e+09,explosive,24,False
gamma_threshold_mode_b,0.0046415888,0.0046415888,8,2,20,300,1e+09,1e+09,explosive,25,False
gamma_threshold_mode_b,0.0046415888,0.0077426368,8,2,20,300,1e+09,1e+09,explosive,28,False
gamma_threshold_mode_b,0.0046415888,0.012915497,8,2,20,120,1e+09,1e+09,explosive,35,False
gamma_threshold_mode_b,0.0046415888,0.021544347,8,2,20,120,6.0483716,0.98226669,plateau,,True
gamma_threshold_mode_b,0.0046415888,0.035938137,8,2,20,120,0.34551654,0.21963275,plateau,,True
gamma_threshold_mode_b,0.0046415888,0.059948425,8,2,20,120,0.013936246,0.10725451,plateau,,True
gamma_threshold_mode_b,0.0046415888,0.1,8,2,20,120,6.9218656e-05,0.060098422,plateau,,True
gamma_threshold_mode_b,0.01,0.001,8,2,20,300,1e+09,1e+09,explosive,13,False
gamma_threshold_mode_b,0.01,0.0016681005,8,2,20,300,1e+09,1e+09,explosive,13,False
gamma_threshold_mode_b,0.01,0.0027825594,8,2,20,300,1e+09,1e+09,explosive,13,False
gamma_threshold_mode_b,0.01,0.0046415888,8,2,20,300,1e+09,1e+09,explosive,13,False
gamma_threshold_mode_b,0.01,0.0077426368,8,2,20,300,1e+09,1e+09,explosive,14,False
gamma_threshold_mode_b,0.01,0.012915497,8,2,20,120,1e+09,1e+09,explosive,15,False
gamma_threshold_mode_b,0.01,0.021544347,8,2,20,120,1e+09,1e+09,explosive,16,False
gamma_threshold_mode_b,0.01,0.035938137,8,2,20,120,1e+09,1e+09,explosive,24,False
gamma_threshold_mode_b,0.01,0.059948425,8,2,20,120,0.020246986,0.36807841,plateau,,True
gamma_threshold_mode_b,0.01,0.1,8,2,20,120,7.761516e-05,0.15678943,plateau,,True
gamma_threshold_mode_b,1e-05,0.001,8,5,20,120,17.79105,0.002931374,plateau,,True
gamma_threshold_mode_b,1e-05,0.0016681005,8,5,20,120,16.41495,0.0026226166,plateau,,True
gamma_threshold_mode_b,1e-05,0.0027825594,8,5,20,120,14.351363,0.0022101943,plateau,,True
gamma_threshold_mode_b,1e-05,0.0046415888,8,5,20,120,11.467604,0.001719537,plateau,,True
gamma_threshold_mode_b,1e-05,0.0077426368,8,5,20,120,7.8822871,0.0012187225,plateau,,True
gamma_threshold_mode_b,1e-05,0.012915497,8,5,20,120,4.2077619,0.00079210104,plateau,,True
gamma_threshold_mode_b,1e-05,0.021544347,8,5,20,120,1.4665408,0.00048807343,plateau,,True
gamma_threshold_mode_b,1e-05,0.035938137,8,5,20,120,0.24763623,0.0002970422,plateau,,True
gamma_threshold_mode_b,1e-05,0.059948425,8,5,20,120,0.012004424,0.00018229985,plateau,,True
gamma_threshold_mode_b,1e-05,0.1,8,5,20,120,6.4593304e-05,0.00011367499,plateau,,True
gamma_threshold_mode_b,2.1544347e-05,0.001,8,5,20,120,17.854672,0.0064015069,plateau,,True
gamma_threshold_mode_b,2.1544347e-05,0.0016681005,8,5,20,120,16.46918,0.0057190281,plateau,,True
gamma_threshold_mode_b,2.1544347e-05,0.0027825594,8,5,20,120,14.393322,0.0048104553,plateau,,True
gamma_threshold_mode_b,2.1544347e-05,0.0046415888,8,5,20,120,11.495575,0.0037340426,plateau,,True
gamma_threshold_mode_b,2.1544347e-05,0.0077426368,8,5,20,120,7.8971738,0.0026403705,plateau,,True
gamma_threshold_mode_b,2.1544347e-05,0.012915497,8,5,20,120,4.2134095,0.0017127009,plateau,,True
gamma_threshold_mode_b,2.1544347e-05,0.021544347,8,5,20,120,1.46782,0.0010538358,plateau,,True
gamma_threshold_mode_b,2.1544347e-05,0.035938137,8,5,20,120,0.24776549,0.00064079714,plateau,,True
gamma_threshold_mode_b,2.1544347e-05,0.059948425,8,5,20,120,0.012007926,0.00039305853,plateau,,True
gamma_threshold_mode_b,2.1544347e-05,0.1,8,5,20,120,6.4602991e-05,0.00024501721,plateau,,True
gamma_threshold_mode_b,4.6415888e-05,0.001,8,5,20,120,17.998011,0.014210039,plateau,,True
gamma_threshold_mode_b,4.6415888e-05,0.0016681005,8,5,20,120,16.590834,0.012654006,plateau,,True
gamma_threshold_mode_b,4.6415888e-05,0.0027825594,8,5,20,120,14.486908,0.01059806,plateau,,True
gamma_threshold_mode_b,4.6415888e-05,0.0046415888,8,5,20,120,11.55753,0.0081850235,plateau,,True
gamma_threshold_mode_b,4.6415888e-05,0.0077426368,8,5,20,120,7.9299086,0.0057581176,plateau,,True
gamma_threshold_mode_b,4.6415888e-05,0.012915497,8,5,20,120,4.2257471,0.0037189029,plateau,,True
gamma_threshold_mode_b,4.6415888e-05,0.021544347,8,5,20,120,1.4706002,0.0022812398,plateau,,True
gamma_threshold_mode_b,4.6415888e-05,0.035938137,8,5,20,120,0.24804546,0.001384468,plateau,,True
gamma_threshold_mode_b,4.6415888e-05,0.059948425,8,5,20,120,0.012015493,0.00084824028,plateau,,True
gamma_threshold_mode_b,4.6415888e-05,0.1,8,5,20,120,6.4623898e-05,0.00052839369,plateau,,True
gamma_threshold_mode_b,0.0001,0.001,8,5,20,120,18.339706,0.032772751,plateau,,True
gamma_threshold_mode_b,0.0001,0.0016681005,8,5,20,120,16.877885,0.028958331,plateau,,True
gamma_threshold_mode_b,0.0001,0.0027825594,8,5,20,120,14.704763,0.024008582,plateau,,True
gamma_threshold_mode_b,0.0001,0.0046415888,8,5,20,120,11.699463,0.018325602,plateau,,True
gamma_threshold_mode_b,0.0001,0.0077426368,8,5,20,120,8.0036739,0.012742533,plateau,,True
gamma_threshold_mode_b,0.0001,0.012915497,8,5,20,120,4.2531463,0.0081504416,plateau,,True
gamma_threshold_mode_b,0.0001,0.021544347,8,5,20,120,1.4767059,0.0049658328,plateau,,True
gamma_threshold_mode_b,0.0001,0.035938137,8,5,20,120,0.24865562,0.0030010831,plateau,,True
gamma_threshold_mode_b,0.0001,0.059948425,8,5,20,120,0.012031907,0.0018341137,plateau,,True
gamma_threshold_mode_b,0.0001,0.1,8,5,20,120,6.4669102e-05,0.001140812,plateau,,True
gamma_threshold_mode_b,0.00021544347,0.001,8,5,20,120,19.28114,0.083581554,plateau,,True
gamma_threshold_mode_b,0.00021544347,0.0016681005,8,5,20,120,17.646759,0.072258757,plateau,,True
gamma_threshold_mode_b,0.00021544347,0.0027825594,8,5,20,120,15.267712,0.058291193,plateau,,True
gamma_threshold_mode_b,0.00021544347,0.0046415888,8,5,20,120,12.051624,0.043170419,plateau,,True
gamma_threshold_mode_b,0.00021544347,0.0077426368,8,5,20,120,8.1795284,0.029174153,plateau,,True
gamma_threshold_mode_b,0.00021544347,0.012915497,8,5,20,120,4.3162835,0.018241422,plateau,,True
gamma_threshold_mode_b,0.00021544347,0.021544347,8,5,20,120,1.4904245,0.010944211,plateau,,True
gamma_threshold_mode_b,0.00021544347,0.035938137,8,5,20,120,0.25000354,0.0065525765,plateau,,True
gamma_threshold_mode_b,0.00021544347,0.059948425,8,5,20,120,0.012067784,0.0039826636,plateau,,True
gamma_threshold_mode_b,0.00021544347,0.1,8,5,20,120,6.4767258e-05,0.0024691311,plateau,,True
gamma_threshold_mode_b,0.00046415888,0.001,8,5,20,120,23.772865,0.32113681,precursor-active,,False
gamma_threshold_mode_b,0.00046415888,0.0016681005,8,5,20,120,20.821505,0.24669544,plateau,,True
gamma_threshold_mode_b,0.00046415888,0.0027825594,8,5,20,120,17.269053,0.17667715,plateau,,True
gamma_threshold_mode_b,0.00046415888,0.0046415888,8,5,20,120,13.140227,0.11754504,plateau,,True
gamma_threshold_mode_b,0.00046415888,0.0077426368,8,5,20,120,8.6629513,0.07292401,plateau,,True
gamma_threshold_mode_b,0.00046415888,0.012915497,8,5,20,120,4.4751332,0.042938099,plateau,,True
gamma_threshold_mode_b,0.00046415888,0.021544347,8,5,20,120,1.5229007,0.02481489,plateau,,True
gamma_threshold_mode_b,0.00046415888,0.035938137,8,5,20,120,0.25307275,0.014539973,plateau,,True
gamma_threshold_mode_b,0.00046415888,0.059948425,8,5,20,120,0.012147561,0.0087291406,plateau,,True
gamma_threshold_mode_b,0.00046415888,0.1,8,5,20,120,6.4982358e-05,0.005372996,plateau,,True
gamma_threshold_mode_b,0.001,0.001,8,5,20,300,1e+09,1e+09,explosive,72,False
gamma_threshold_mode_b,0.001,0.0016681005,8,5,20,300,1e+09,1e+09,explosive,77,False
gamma_threshold_mode_b,0.001,0.0027825594,8,5,20,300,1e+09,1e+09,explosive,89,False
gamma_threshold_mode_b,0.001,0.0046415888,8,5,20,300,1e+09,1e+09,explosive,126,False
gamma_threshold_mode_b,0.001,0.0077426368,8,5,20,300,3.2688713,0.34919344,plateau,,True
gamma_threshold_mode_b,0.001,0.012915497,8,5,20,120,4.9858356,0.11674763,plateau,,True
gamma_threshold_mode_b,0.001,0.021544347,8,5,20,120,1.6104224,0.060418897,plateau,,True
gamma_threshold_mode_b,0.001,0.035938137,8,5,20,120,0.26057259,0.033508968,plateau,,True
gamma_threshold_mode_b,0.001,0.059948425,8,5,20,120,0.012331958,0.019539969,plateau,,True
gamma_threshold_mode_b,0.001,0.1,8,5,20,120,6.5463465e-05,0.011832506,plateau,,True
gamma_threshold_mode_b,0.0021544347,0.001,8,5,20,300,1e+09,1e+09,explosive,34,False
gamma_threshold_mode_b,0.0021544347,0.0016681005,8,5,20,300,1e+09,1e+09,explosive,35,False
gamma_threshold_mode_b,0.0021544347,0.0027825594,8,5,20,300,1e+09,1e+09,explosive,37,False
gamma_threshold_mode_b,0.0021544347,0.0046415888,8,5,20,300,1e+09,1e+09,explosive,41,False
gamma_threshold_mode_b,0.0021544347,0.0077426368,8,5,20,300,1e+09,1e+09,explosive,50,False
gamma_threshold_mode_b,0.0021544347,0.012915497,8,5,20,120,1e+09,1e+09,explosive,117,False
gamma_threshold_mode_b,0.0021544347,0.021544347,8,5,20,120,1.9697438,0.18618342,plateau,,True
gamma_threshold_mode_b,0.0021544347,0.035938137,8,5,20,120,0.28264063,0.085377775,plateau,,True
gamma_threshold_mode_b,0.0021544347,0.059948425,8,5,20,120,0.012799789,0.04601644,plateau,,True
gamma_threshold_mode_b,0.0021544347,0.1,8,5,20,120,6.6591525e-05,0.026781176,plateau,,True
gamma_threshold_mode_b,0.0046415888,0.001,8,5,20,300,1e+09,1e+09,explosive,18,False
gamma_threshold_mode_b,0.0046415888,0.0016681005,8,5,20,300,1e+09,1e+09,explosive,18,False
gamma_threshold_mode_b,0.0046415888,0.0027825594,8,5,20,300,1e+09,1e+09,explosive,19,False
gamma_threshold_mode_b,0.0046415888,0.0046415888,8,5,20,300,1e+09,1e+09,explosive,19,False
gamma_threshold_mode_b,0.0046415888,0.0077426368,8,5,20,300,1e+09,1e+09,explosive,20,False
gamma_threshold_mode_b,0.0046415888,0.012915497,8,5,20,120,1e+09,1e+09,explosive,23,False
gamma_threshold_mode_b,0.0046415888,0.021544347,8,5,20,120,1e+09,1e+09,explosive,32,False
gamma_threshold_mode_b,0.0046415888,0.035938137,8,5,20,120,0.42695562,0.33447114,plateau,,True
gamma_threshold_mode_b,0.0046415888,0.059948425,8,5,20,120,0.014350961,0.12537092,plateau,,True
gamma_threshold_mode_b,0.0046415888,0.1,8,5,20,120,6.9572341e-05,0.064904007,plateau,,True
gamma_threshold_mode_b,0.01,0.001,8,5,20,300,1e+09,1e+09,explosive,10,False
gamma_threshold_mode_b,0.01,0.0016681005,8,5,20,300,1e+09,1e+09,explosive,10,False
gamma_threshold_mode_b,0.01,0.0027825594,8,5,20,300,1e+09,1e+09,explosive,11,False
gamma_threshold_mode_b,0.01,0.0046415888,8,5,20,300,1e+09,1e+09,explosive,11,False
gamma_threshold_mode_b,0.01,0.0077426368,8,5,20,300,1e+09,1e+09,explosive,11,False
gamma_threshold_mode_b,0.01,0.012915497,8,5,20,120,1e+09,1e+09,explosive,11,False
gamma_threshold_mode_b,0.01,0.021544347,8,5,20,120,1e+09,1e+09,explosive,12,False
gamma_threshold_mode_b,0.01,0.035938137,8,5,20,120,1e+09,1e+09,explosive,15,False
gamma_threshold_mode_b,0.01,0.059948425,8,5,20,120,1e+09,1e+09,explosive,34,False
gamma_threshold_mode_b,0.01,0.1,8,5,20,120,8.134849e-05,0.1965333,plateau,,True
